{"cameraMode":{"drawMode":0,"name":"Shaded","section":"Shading Mode"},"sceneLighting":true,"audioPlay":false,"sceneViewState":{"showFog":true,"showMaterialUpdate":false,"showSkybox":true,"showFlares":true,"showImageEffects":true,"showParticleSystems":true},"in2DMode":false,"pivot":{"x":-11.286279678344727,"y":-2.6209609508514406,"z":-7.326974391937256},"rotation":{"x":-0.03363865986466408,"y":0.22238852083683015,"z":-0.007684651296585798,"w":-0.9743831753730774},"size":3.775038242340088,"orthographic":false}